timeStamp,elapsed,label,responseCode,responseMessage,threadName,dataType,success,failureMessage,bytes,sentBytes,grpThreads,allThreads,URL,Filename,Latency,Encoding,Hostname,IdleTime,Connect
1491991035321,2643,Req1,200,OK,Thread Group 1-1,text,true,,627523,192,1,1,http://www.thetestingworld.com/,,377,UTF-8,SQS-LAPTOP-29,0,185
1491991047324,2856,Req1,200,OK,Thread Group 1-2,text,true,,627522,192,2,2,http://www.thetestingworld.com/,,404,UTF-8,SQS-LAPTOP-29,0,199
1491991059324,2611,Req1,200,OK,Thread Group 1-3,text,true,,627529,192,3,3,http://www.thetestingworld.com/,,378,UTF-8,SQS-LAPTOP-29,0,187
1491991071325,2909,Req1,200,OK,Thread Group 1-4,text,true,,627535,192,4,4,http://www.thetestingworld.com/,,417,UTF-8,SQS-LAPTOP-29,0,206
1491991083325,2531,Req1,200,OK,Thread Group 1-5,text,true,,627529,192,5,5,http://www.thetestingworld.com/,,396,UTF-8,SQS-LAPTOP-29,0,189
1491991095325,2988,Req1,200,OK,Thread Group 1-6,text,true,,627522,192,6,6,http://www.thetestingworld.com/,,435,UTF-8,SQS-LAPTOP-29,0,214
1491991107324,2536,Req1,200,OK,Thread Group 1-7,text,true,,627530,192,7,7,http://www.thetestingworld.com/,,394,UTF-8,SQS-LAPTOP-29,0,197
1491991119325,2612,Req1,200,OK,Thread Group 1-8,text,true,,627523,192,8,8,http://www.thetestingworld.com/,,386,UTF-8,SQS-LAPTOP-29,0,190
1491991131324,2483,Req1,200,OK,Thread Group 1-9,text,true,,627517,192,9,9,http://www.thetestingworld.com/,,382,UTF-8,SQS-LAPTOP-29,0,189
1491991143323,2677,Req1,200,OK,Thread Group 1-10,text,true,,627523,192,10,10,http://www.thetestingworld.com/,,382,UTF-8,SQS-LAPTOP-29,0,189
1491991146003,3557,Req2,200,OK,Thread Group 1-10,text,true,,667767,229,10,10,http://www.thetestingworld.com/category/must-learn/sql-for-testers//,,663,UTF-8,SQS-LAPTOP-29,0,208
1491991146004,4209,Req2,200,OK,Thread Group 1-8,text,true,,667137,229,10,10,http://www.thetestingworld.com/category/must-learn/sql-for-testers//,,618,UTF-8,SQS-LAPTOP-29,0,204
1491991146003,4427,Req2,200,OK,Thread Group 1-3,text,true,,667032,229,10,10,http://www.thetestingworld.com/category/must-learn/sql-for-testers//,,643,UTF-8,SQS-LAPTOP-29,0,202
1491991146004,5794,Req2,200,OK,Thread Group 1-7,text,true,,666787,229,10,10,http://www.thetestingworld.com/category/must-learn/sql-for-testers//,,605,UTF-8,SQS-LAPTOP-29,0,196
1491991146003,6021,Req2,200,OK,Thread Group 1-1,text,true,,666727,229,10,10,http://www.thetestingworld.com/category/must-learn/sql-for-testers//,,599,UTF-8,SQS-LAPTOP-29,0,193
1491991146003,6069,Req2,200,OK,Thread Group 1-5,text,true,,666800,229,10,10,http://www.thetestingworld.com/category/must-learn/sql-for-testers//,,674,UTF-8,SQS-LAPTOP-29,0,208
1491991146003,6195,Req2,200,OK,Thread Group 1-2,text,true,,666766,229,10,10,http://www.thetestingworld.com/category/must-learn/sql-for-testers//,,631,UTF-8,SQS-LAPTOP-29,0,198
1491991146003,6255,Req2,200,OK,Thread Group 1-4,text,true,,666692,229,10,10,http://www.thetestingworld.com/category/must-learn/sql-for-testers//,,651,UTF-8,SQS-LAPTOP-29,0,200
1491991146004,6314,Req2,200,OK,Thread Group 1-9,text,true,,666625,229,10,10,http://www.thetestingworld.com/category/must-learn/sql-for-testers//,,652,UTF-8,SQS-LAPTOP-29,0,211
1491991146003,6320,Req2,200,OK,Thread Group 1-6,text,true,,666522,229,10,10,http://www.thetestingworld.com/category/must-learn/sql-for-testers//,,684,UTF-8,SQS-LAPTOP-29,0,209
1491991152327,3523,Req3,200,OK,Thread Group 1-10,text,true,,663917,224,10,10,http://www.thetestingworld.com/category/must-learn/unix-linux//,,631,UTF-8,SQS-LAPTOP-29,0,198
1491991152327,4435,Req3,200,OK,Thread Group 1-6,text,true,,662978,224,9,9,http://www.thetestingworld.com/category/must-learn/unix-linux//,,623,UTF-8,SQS-LAPTOP-29,0,196
1491991152327,4570,Req3,200,OK,Thread Group 1-2,text,true,,662749,224,8,8,http://www.thetestingworld.com/category/must-learn/unix-linux//,,675,UTF-8,SQS-LAPTOP-29,0,210
1491991152327,5936,Req3,200,OK,Thread Group 1-1,text,true,,662525,224,7,7,http://www.thetestingworld.com/category/must-learn/unix-linux//,,616,UTF-8,SQS-LAPTOP-29,0,187
1491991152327,6066,Req3,200,OK,Thread Group 1-7,text,true,,662525,224,6,6,http://www.thetestingworld.com/category/must-learn/unix-linux//,,674,UTF-8,SQS-LAPTOP-29,0,203
1491991152327,6077,Req3,200,OK,Thread Group 1-5,text,true,,662539,224,5,5,http://www.thetestingworld.com/category/must-learn/unix-linux//,,658,UTF-8,SQS-LAPTOP-29,0,202
1491991152327,6145,Req3,200,OK,Thread Group 1-9,text,true,,662520,224,4,4,http://www.thetestingworld.com/category/must-learn/unix-linux//,,679,UTF-8,SQS-LAPTOP-29,0,203
1491991152327,6219,Req3,200,OK,Thread Group 1-4,text,true,,662471,224,3,3,http://www.thetestingworld.com/category/must-learn/unix-linux//,,603,UTF-8,SQS-LAPTOP-29,0,184
1491991152327,6220,Req3,200,OK,Thread Group 1-8,text,true,,662498,224,3,3,http://www.thetestingworld.com/category/must-learn/unix-linux//,,655,UTF-8,SQS-LAPTOP-29,0,199
1491991152327,6268,Req3,200,OK,Thread Group 1-3,text,true,,662458,224,1,1,http://www.thetestingworld.com/category/must-learn/unix-linux//,,643,UTF-8,SQS-LAPTOP-29,0,200
